[
  {
    "model": "EcoJobPortal.customuser",
    "pk": 1,
    "fields": {
      "password": "pbkdf2_sha256$600000$placeholder$password",
      "last_login": null,
      "is_superuser": false,
      "username": "green_recruiter",
      "first_name": "Green",
      "last_name": "Recruiter",
      "email": "recruiter@greentech.com",
      "is_staff": false,
      "is_active": true,
      "date_joined": "2025-07-01T10:00:00Z",
      "user_type": "recruiter",
      "phone": "+1-555-0123",
      "location": "Toronto, ON",
      "bio": "Passionate about connecting green talent with sustainable opportunities.",
      "created_at": "2025-07-01T10:00:00Z"
    }
  },
  {
    "model": "EcoJobPortal.customuser",
    "pk": 2,
    "fields": {
      "password": "pbkdf2_sha256$600000$placeholder$password",
      "last_login": null,
      "is_superuser": false,
      "username": "eco_seeker",
      "first_name": "Eco",
      "last_name": "Seeker",
      "email": "seeker@email.com",
      "is_staff": false,
      "is_active": true,
      "date_joined": "2025-07-02T10:00:00Z",
      "user_type": "applicant",
      "phone": "+1-555-0124",
      "location": "Vancouver, BC",
      "bio": "Environmental engineer seeking opportunities in renewable energy.",
      "created_at": "2025-07-02T10:00:00Z"
    }
  },
  {
    "model": "EcoJobPortal.job",
    "pk": 1,
    "fields": {
      "title": "Solar Energy Systems Engineer",
      "company": "GreenTech Solutions",
      "description": "We are seeking a passionate Solar Energy Systems Engineer to join our growing team. You will be responsible for designing, developing, and implementing solar energy systems for residential and commercial clients.\n\nKey Responsibilities:\n• Design solar photovoltaic systems\n• Conduct site assessments and energy audits\n• Collaborate with installation teams\n• Ensure compliance with local regulations\n• Optimize system performance and efficiency\n\nThis is an excellent opportunity to make a real impact in the renewable energy sector while working with cutting-edge technology.",
      "requirements": "Required Qualifications:\n• Bachelor's degree in Electrical Engineering, Mechanical Engineering, or related field\n• 3+ years of experience in solar energy systems\n• Proficiency in AutoCAD, PVsyst, or similar software\n• Knowledge of electrical codes and safety standards\n• Strong analytical and problem-solving skills\n\nPreferred Qualifications:\n• Professional Engineer (P.Eng) license\n• Experience with energy storage systems\n• NABCEP certification\n• Knowledge of project management principles",
      "sector": "renewable",
      "job_type": "full_time",
      "salary_min": 75000.00,
      "salary_max": 95000.00,
      "location": "Toronto, ON",
      "is_remote": false,
      "posted_by": 1,
      "posted_date": "2025-07-10T09:00:00Z",
      "deadline": "2025-08-10T23:59:59Z",
      "is_active": true,
      "tags": "solar, engineering, renewable energy, PV systems, green tech"
    }
  },
  {
    "model": "EcoJobPortal.job",
    "pk": 2,
    "fields": {
      "title": "Environmental Conservation Specialist",
      "company": "Nature Preserve Canada",
      "description": "Join our mission to protect Canada's natural heritage! We're looking for an Environmental Conservation Specialist to develop and implement conservation strategies for protected areas.\n\nWhat You'll Do:\n• Conduct environmental impact assessments\n• Develop conservation management plans\n• Monitor wildlife populations and habitats\n• Collaborate with government agencies and stakeholders\n• Lead community outreach and education programs\n• Prepare technical reports and presentations\n\nThis role offers the opportunity to work directly in the field while contributing to meaningful conservation efforts across Canada.",
      "requirements": "Essential Requirements:\n• Master's degree in Environmental Science, Biology, Ecology, or related field\n• 2+ years of experience in environmental conservation\n• Knowledge of Canadian environmental legislation\n• Experience with GIS software and data analysis\n• Excellent written and verbal communication skills\n• Valid driver's license and willingness to travel\n\nAssets:\n• Experience with Indigenous community engagement\n• Knowledge of biodiversity assessment techniques\n• Bilingual (English/French) capabilities",
      "sector": "conservation",
      "job_type": "full_time",
      "salary_min": 65000.00,
      "salary_max": 80000.00,
      "location": "Ottawa, ON",
      "is_remote": false,
      "posted_by": 1,
      "posted_date": "2025-07-12T14:30:00Z",
      "deadline": "2025-08-15T23:59:59Z",
      "is_active": true,
      "tags": "conservation, wildlife, environmental science, GIS, biodiversity"
    }
  },
  {
    "model": "EcoJobPortal.job",
    "pk": 3,
    "fields": {
      "title": "Sustainability Consultant - Remote",
      "company": "EcoConsult International",
      "description": "Are you passionate about helping organizations reduce their environmental footprint? We're seeking a Sustainability Consultant to work with diverse clients on their sustainability journey.\n\nResponsibilities:\n• Conduct sustainability assessments and audits\n• Develop corporate sustainability strategies\n• Assist with ESG reporting and compliance\n• Identify opportunities for resource efficiency\n• Facilitate stakeholder engagement sessions\n• Stay current with sustainability trends and regulations\n\nThis remote position offers flexibility while making a meaningful impact on corporate sustainability practices globally.",
      "requirements": "Required:\n• Bachelor's degree in Environmental Studies, Business, or related field\n• 3+ years of sustainability consulting experience\n• Knowledge of sustainability frameworks (GRI, SASB, TCFD)\n• Experience with LCA and carbon footprinting\n• Strong presentation and client management skills\n• Proficiency in Microsoft Office and sustainability software\n\nPreferred:\n• Professional certification (LEED AP, BREEAM, etc.)\n• MBA or relevant master's degree\n• Experience with supply chain sustainability\n• Knowledge of multiple languages",
      "sector": "sustainability",
      "job_type": "remote",
      "salary_min": 70000.00,
      "salary_max": 90000.00,
      "location": "Remote (Canada)",
      "is_remote": true,
      "posted_by": 1,
      "posted_date": "2025-07-15T11:15:00Z",
      "deadline": "2025-08-20T23:59:59Z",
      "is_active": true,
      "tags": "sustainability, consulting, ESG, carbon footprint, remote work"
    }
  },
  {
    "model": "EcoJobPortal.job",
    "pk": 4,
    "fields": {
      "title": "Green Technology Product Manager",
      "company": "InnovateTech Green",
      "description": "Lead the development of innovative green technology products that will shape the future of sustainable living. We're looking for a Product Manager who shares our vision of a carbon-neutral world.\n\nRole Overview:\n• Define product strategy for green technology solutions\n• Collaborate with engineering teams on product development\n• Conduct market research and competitive analysis\n• Manage product lifecycle from concept to launch\n• Work with sales and marketing teams on go-to-market strategies\n• Engage with customers and gather product feedback\n\nJoin us in developing products that make sustainability accessible and affordable for everyone.",
      "requirements": "Must Have:\n• Bachelor's degree in Engineering, Business, or related field\n• 4+ years of product management experience\n• Experience in technology or cleantech industry\n• Strong analytical and strategic thinking skills\n• Excellent project management abilities\n• Understanding of agile development methodologies\n\nNice to Have:\n• MBA or technical master's degree\n• Experience with IoT or smart home technologies\n• Knowledge of energy efficiency standards\n• Background in startup environments",
      "sector": "green_tech",
      "job_type": "full_time",
      "salary_min": 85000.00,
      "salary_max": 110000.00,
      "location": "Vancouver, BC",
      "is_remote": false,
      "posted_by": 1,
      "posted_date": "2025-07-17T16:45:00Z",
      "deadline": "2025-08-25T23:59:59Z",
      "is_active": true,
      "tags": "product management, green technology, cleantech, innovation, IoT"
    }
  },
  {
    "model": "EcoJobPortal.job",
    "pk": 5,
    "fields": {
      "title": "Waste Management Coordinator",
      "company": "Zero Waste Solutions",
      "description": "Help organizations achieve their zero waste goals! We're seeking a Waste Management Coordinator to implement comprehensive waste reduction programs.\n\nKey Duties:\n• Develop and implement waste management strategies\n• Conduct waste audits and assessments\n• Train staff on waste reduction practices\n• Monitor and report on waste diversion rates\n• Coordinate with recycling and composting facilities\n• Research new waste reduction technologies\n\nThis position is perfect for someone passionate about circular economy principles and waste reduction.",
      "requirements": "Required Qualifications:\n• Diploma or degree in Environmental Studies, Engineering, or related field\n• 2+ years of experience in waste management or environmental services\n• Knowledge of waste regulations and best practices\n• Strong organizational and communication skills\n• Ability to work independently and manage multiple projects\n• Valid driver's license\n\nPreferred:\n• Certification in waste management (SWANA, etc.)\n• Experience with waste tracking software\n• Knowledge of composting and recycling processes\n• Project management experience",
      "sector": "waste_mgmt",
      "job_type": "full_time",
      "salary_min": 55000.00,
      "salary_max": 70000.00,
      "location": "Calgary, AB",
      "is_remote": false,
      "posted_by": 1,
      "posted_date": "2025-07-18T13:20:00Z",
      "deadline": "2025-08-18T23:59:59Z",
      "is_active": true,
      "tags": "waste management, zero waste, circular economy, recycling, sustainability"
    }
  },
  {
    "model": "EcoJobPortal.job",
    "pk": 6,
    "fields": {
      "title": "Climate Data Analyst",
      "company": "Climate Research Institute",
      "description": "Contribute to critical climate research by analyzing environmental data and supporting climate change studies. We're looking for a detail-oriented Data Analyst to join our research team.\n\nResponsibilities:\n• Analyze climate and environmental datasets\n• Develop statistical models and visualizations\n• Prepare research reports and publications\n• Collaborate with scientists and researchers\n• Maintain databases and quality control procedures\n• Present findings to stakeholders and the public\n\nThis role offers the opportunity to contribute to important climate science research while developing advanced analytical skills.",
      "requirements": "Essential:\n• Bachelor's degree in Statistics, Environmental Science, Computer Science, or related field\n• 2+ years of experience in data analysis\n• Proficiency in R, Python, or similar statistical software\n• Experience with large datasets and database management\n• Strong attention to detail and analytical skills\n• Knowledge of climate science fundamentals\n\nPreferred:\n• Master's degree in relevant field\n• Experience with GIS and spatial analysis\n• Knowledge of machine learning techniques\n• Published research experience\n• Familiarity with climate models",
      "sector": "climate",
      "job_type": "full_time",
      "salary_min": 60000.00,
      "salary_max": 75000.00,
      "location": "Montreal, QC",
      "is_remote": false,
      "posted_by": 1,
      "posted_date": "2025-07-19T10:30:00Z",
      "deadline": "2025-08-30T23:59:59Z",
      "is_active": true,
      "tags": "climate science, data analysis, research, statistics, Python, environmental data"
    }
  }
]